{"cameraMode":{"drawMode":0,"name":"Shaded","section":"Shading Mode"},"sceneLighting":true,"audioPlay":false,"sceneViewState":{"showFog":true,"showMaterialUpdate":false,"showSkybox":true,"showFlares":true,"showImageEffects":true,"showParticleSystems":true},"in2DMode":false,"pivot":{"x":-4.552690505981445,"y":3.7197084426879885,"z":-2.5461292266845705},"rotation":{"x":0.14463679492473603,"y":-0.2694125771522522,"z":0.04096539691090584,"w":0.9512196779251099},"size":10.341840744018555,"orthographic":false}